περιφέρεια;νομός;δήμος;latitude;longitude;station_of_reference
ΠΕΡΙΦΈΡΕΙΑ ΑΤΤΙΚΉΣ;ΑΤΤΙΚΗΣ;ΩΡΩΠΟΥ;38.2456157;23.771523292513955;tanagra
ΠΕΡΙΦΈΡΕΙΑ ΑΤΤΙΚΉΣ;ΑΤΤΙΚΗΣ;ΔΙΟΝΥΣΟΥ;38.11522565;23.896018615936306;athens
ΠΕΡΙΦΈΡΕΙΑ ΑΤΤΙΚΉΣ;ΑΤΤΙΚΗΣ;ΗΛΙΟΥΠΟΛΕΩΣ;37.9579465;23.7382006;athens
ΠΕΡΙΦΈΡΕΙΑ ΑΤΤΙΚΉΣ;ΑΤΤΙΚΗΣ;ΒΑΡΗΣ - ΒΟΥΛΑΣ - ΒΟΥΛΙΑΓΜΕΝΗΣ;37.83569075;23.801851073743503;athens
ΠΕΡΙΦΈΡΕΙΑ ΑΤΤΙΚΉΣ;ΑΤΤΙΚΗΣ;ΠΕΝΤΕΛΗΣ;38.0571337;23.884623664572068;athens
ΠΕΡΙΦΈΡΕΙΑ ΑΤΤΙΚΉΣ;ΑΤΤΙΚΗΣ;ΡΑΦΗΝΑΣ - ΠΙΚΕΡΜΙΟΥ;38.020615899999996;23.953695013476164;athens
ΠΕΡΙΦΈΡΕΙΑ ΑΤΤΙΚΉΣ;ΑΤΤΙΚΗΣ;ΣΑΛΑΜΙΝΑΣ;37.9383706;23.508373587712107;athens
ΠΕΡΙΦΈΡΕΙΑ ΑΤΤΙΚΉΣ;ΑΤΤΙΚΗΣ;ΠΕΙΡΑΙΩΣ;37.946168;23.655947563934912;athens
ΠΕΡΙΦΈΡΕΙΑ ΑΤΤΙΚΉΣ;ΑΤΤΙΚΗΣ;ΑΓΚΙΣΤΡΙΟΥ;37.6937039;23.35005226086773;athens
ΠΕΡΙΦΈΡΕΙΑ ΑΤΤΙΚΉΣ;ΑΤΤΙΚΗΣ;ΑΙΓΙΝΑΣ;37.72436935;23.493810921233717;athens
ΠΕΡΙΦΈΡΕΙΑ ΑΤΤΙΚΉΣ;ΑΤΤΙΚΗΣ;ΚΕΡΑΤΣΙΝΙΟΥ - ΔΡΑΠΕΤΣΩΝΑΣ;37.9663867;23.618190689632105;athens
ΠΕΡΙΦΈΡΕΙΑ ΑΤΤΙΚΉΣ;ΑΤΤΙΚΗΣ;ΑΣΠΡΟΠΥΡΓΟΥ;38.095636299999995;23.59645499255187;athens
ΠΕΡΙΦΈΡΕΙΑ ΑΤΤΙΚΉΣ;ΑΤΤΙΚΗΣ;ΜΑΝΔΡΑΣ - ΕΙΔΥΛΛΙΑΣ;38.1518464;23.36725432105709;tanagra
ΠΕΡΙΦΈΡΕΙΑ ΑΤΤΙΚΉΣ;ΑΤΤΙΚΗΣ;ΜΕΓΑΡΕΩΝ;38.03291265;23.298519227524928;athens
ΠΕΡΙΦΈΡΕΙΑ ΑΤΤΙΚΉΣ;ΑΤΤΙΚΗΣ;ΛΑΥΡΕΩΤΙΚΗΣ;37.7528118;24.018706825909092;lavrio
ΠΕΡΙΦΈΡΕΙΑ ΑΤΤΙΚΉΣ;ΑΤΤΙΚΗΣ;ΣΑΡΩΝΙΚΟΥ;37.76695615;23.9333952413006;lavrio
ΠΕΡΙΦΈΡΕΙΑ ΑΤΤΙΚΉΣ;ΑΤΤΙΚΗΣ;ΜΑΡΑΘΩΝΟΣ;38.1619804;23.9890647164548;athens
ΠΕΡΙΦΈΡΕΙΑ ΑΤΤΙΚΉΣ;ΑΤΤΙΚΗΣ;ΚΡΩΠΙΑΣ;37.874750750000004;23.855900588531505;athens
ΠΕΡΙΦΈΡΕΙΑ ΑΤΤΙΚΉΣ;ΑΤΤΙΚΗΣ;ΠΑΙΑΝΙΑΣ;37.960808799999995;23.85560076782796;athens
ΠΕΡΙΦΈΡΕΙΑ ΑΤΤΙΚΉΣ;ΑΤΤΙΚΗΣ;ΜΑΡΚΟΠΟΥΛΟΥ ΜΕΣΟΓΑΙΑΣ;37.891800399999994;23.96143994621146;lavrio
ΠΕΡΙΦΈΡΕΙΑ ΑΝΑΤΟΛΙΚΉΣ ΜΑΚΕΔΟΝΊΑΣ ΚΑΙ ΘΡΆΚΗΣ;ΡΟΔΟΠΗΣ;ΚΟΜΟΤΗΝΗΣ;41.12078885;25.4426925827456;alexandroupolis
ΠΕΡΙΦΈΡΕΙΑ ΑΝΑΤΟΛΙΚΉΣ ΜΑΚΕΔΟΝΊΑΣ ΚΑΙ ΘΡΆΚΗΣ;ΡΟΔΟΠΗΣ;ΜΑΡΩΝΕΙΑΣ - ΣΑΠΩΝ;41.007639600000005;25.61155325141152;alexandroupolis
ΠΕΡΙΦΈΡΕΙΑ ΑΝΑΤΟΛΙΚΉΣ ΜΑΚΕΔΟΝΊΑΣ ΚΑΙ ΘΡΆΚΗΣ;ΡΟΔΟΠΗΣ;ΑΡΡΙΑΝΩΝ;41.190848700000004;25.70164270848205;alexandroupolis
ΠΕΡΙΦΈΡΕΙΑ ΑΝΑΤΟΛΙΚΉΣ ΜΑΚΕΔΟΝΊΑΣ ΚΑΙ ΘΡΆΚΗΣ;ΡΟΔΟΠΗΣ;ΙΑΣΜΟΥ;41.12433495;25.171303675154924;xanthi
ΠΕΡΙΦΈΡΕΙΑ ΑΝΑΤΟΛΙΚΉΣ ΜΑΚΕΔΟΝΊΑΣ ΚΑΙ ΘΡΆΚΗΣ;ΚΑΒΑΛΑΣ;ΚΑΒΑΛΑΣ;41.019137400000005;24.38512540979381;drama
ΠΕΡΙΦΈΡΕΙΑ ΑΝΑΤΟΛΙΚΉΣ ΜΑΚΕΔΟΝΊΑΣ ΚΑΙ ΘΡΆΚΗΣ;ΚΑΒΑΛΑΣ;ΘΑΣΟΥ;40.9425442;24.4257416;drama
ΠΕΡΙΦΈΡΕΙΑ ΑΝΑΤΟΛΙΚΉΣ ΜΑΚΕΔΟΝΊΑΣ ΚΑΙ ΘΡΆΚΗΣ;ΚΑΒΑΛΑΣ;ΠΑΓΓΑΙΟΥ;40.86186605;24.162286509637013;drama
ΠΕΡΙΦΈΡΕΙΑ ΑΝΑΤΟΛΙΚΉΣ ΜΑΚΕΔΟΝΊΑΣ ΚΑΙ ΘΡΆΚΗΣ;ΚΑΒΑΛΑΣ;ΝΕΣΤΟΥ;41.026108;24.631563562883784;xanthi
ΠΕΡΙΦΈΡΕΙΑ ΑΝΑΤΟΛΙΚΉΣ ΜΑΚΕΔΟΝΊΑΣ ΚΑΙ ΘΡΆΚΗΣ;ΔΡΑΜΑΣ;ΠΑΡΑΝΕΣΤΙΟΥ;41.2666146;24.5002964;drama
ΠΕΡΙΦΈΡΕΙΑ ΑΝΑΤΟΛΙΚΉΣ ΜΑΚΕΔΟΝΊΑΣ ΚΑΙ ΘΡΆΚΗΣ;ΔΡΑΜΑΣ;ΔΡΑΜΑΣ;41.3157063;24.20377824819277;drama
ΠΕΡΙΦΈΡΕΙΑ ΑΝΑΤΟΛΙΚΉΣ ΜΑΚΕΔΟΝΊΑΣ ΚΑΙ ΘΡΆΚΗΣ;ΔΡΑΜΑΣ;ΠΡΟΣΟΤΣΑΝΗΣ;41.15949795;23.92133901119672;drama
ΠΕΡΙΦΈΡΕΙΑ ΑΝΑΤΟΛΙΚΉΣ ΜΑΚΕΔΟΝΊΑΣ ΚΑΙ ΘΡΆΚΗΣ;ΔΡΑΜΑΣ;ΔΟΞΑΤΟΥ;41.0595867;24.222729320746755;drama
ΠΕΡΙΦΈΡΕΙΑ ΑΝΑΤΟΛΙΚΉΣ ΜΑΚΕΔΟΝΊΑΣ ΚΑΙ ΘΡΆΚΗΣ;ΔΡΑΜΑΣ;ΚΑΤΩ ΝΕΥΡΟΚΟΠΙΟΥ;41.3820331;23.897124618645364;nevrokopi
ΠΕΡΙΦΈΡΕΙΑ ΑΝΑΤΟΛΙΚΉΣ ΜΑΚΕΔΟΝΊΑΣ ΚΑΙ ΘΡΆΚΗΣ;ΞΑΝΘΗΣ;ΤΟΠΕΙΡΟΥ;41.00769645;24.821264160729918;xanthi
ΠΕΡΙΦΈΡΕΙΑ ΑΝΑΤΟΛΙΚΉΣ ΜΑΚΕΔΟΝΊΑΣ ΚΑΙ ΘΡΆΚΗΣ;ΞΑΝΘΗΣ;ΑΒΔΗΡΩΝ;41.0435472;24.999907270121952;xanthi
ΠΕΡΙΦΈΡΕΙΑ ΑΝΑΤΟΛΙΚΉΣ ΜΑΚΕΔΟΝΊΑΣ ΚΑΙ ΘΡΆΚΗΣ;ΞΑΝΘΗΣ;ΞΑΝΘΗΣ;41.20875275;24.666052164231886;xanthi
ΠΕΡΙΦΈΡΕΙΑ ΑΝΑΤΟΛΙΚΉΣ ΜΑΚΕΔΟΝΊΑΣ ΚΑΙ ΘΡΆΚΗΣ;ΞΑΝΘΗΣ;ΜΥΚΗΣ;41.2874382;24.978992215850184;xanthi
ΠΕΡΙΦΈΡΕΙΑ ΑΝΑΤΟΛΙΚΉΣ ΜΑΚΕΔΟΝΊΑΣ ΚΑΙ ΘΡΆΚΗΣ;ΕΒΡΟΥ;ΑΛΕΞΑΝΔΡΟΥΠΟΛΗΣ;40.91866315;25.955559788836457;alexandroupolis
ΠΕΡΙΦΈΡΕΙΑ ΑΝΑΤΟΛΙΚΉΣ ΜΑΚΕΔΟΝΊΑΣ ΚΑΙ ΘΡΆΚΗΣ;ΕΒΡΟΥ;ΣΟΥΦΛΙΟΥ;41.179491;26.104395854504716;alexandroupolis
ΠΕΡΙΦΈΡΕΙΑ ΑΝΑΤΟΛΙΚΉΣ ΜΑΚΕΔΟΝΊΑΣ ΚΑΙ ΘΡΆΚΗΣ;ΕΒΡΟΥ;ΣΑΜΟΘΡΑΚΗΣ;40.4511544;25.585657246305097;samothraki
ΠΕΡΙΦΈΡΕΙΑ ΑΝΑΤΟΛΙΚΉΣ ΜΑΚΕΔΟΝΊΑΣ ΚΑΙ ΘΡΆΚΗΣ;ΕΒΡΟΥ;ΟΡΕΣΤΙΑΔΑΣ;41.58866275;26.373318009723477;orestiada
ΠΕΡΙΦΈΡΕΙΑ ΑΝΑΤΟΛΙΚΉΣ ΜΑΚΕΔΟΝΊΑΣ ΚΑΙ ΘΡΆΚΗΣ;ΕΒΡΟΥ;ΔΙΔΥΜΟΤΕΙΧΟΥ;41.4088606;26.396907956446306;orestiada
ΠΕΡΙΦΈΡΕΙΑ ΚΕΝΤΡΙΚΉΣ ΜΑΚΕΔΟΝΊΑΣ;ΘΕΣΣΑΛΟΝΙΚΗΣ;ΘΕΣΣΑΛΟΝΙΚΗΣ;40.6194542;22.96763099125139;thessaloniki
ΠΕΡΙΦΈΡΕΙΑ ΚΕΝΤΡΙΚΉΣ ΜΑΚΕΔΟΝΊΑΣ;ΘΕΣΣΑΛΟΝΙΚΗΣ;ΠΥΛΑΙΑΣ-ΧΟΡΤΙΑΤΗ;40.622092949999995;23.071325018087663;thessaloniki
ΠΕΡΙΦΈΡΕΙΑ ΚΕΝΤΡΙΚΉΣ ΜΑΚΕΔΟΝΊΑΣ;ΘΕΣΣΑΛΟΝΙΚΗΣ;ΩΡΑΙΟΚΑΣΤΡΟΥ;40.75700045;22.905627496160868;thessaloniki
ΠΕΡΙΦΈΡΕΙΑ ΚΕΝΤΡΙΚΉΣ ΜΑΚΕΔΟΝΊΑΣ;ΘΕΣΣΑΛΟΝΙΚΗΣ;ΛΑΓΚΑΔΑ;40.745971350000005;23.152752827625616;thessaloniki
ΠΕΡΙΦΈΡΕΙΑ ΚΕΝΤΡΙΚΉΣ ΜΑΚΕΔΟΝΊΑΣ;ΘΕΣΣΑΛΟΝΙΚΗΣ;ΝΕΑΠΟΛΗΣ-ΣΥΚΕΩΝ;40.6514471;22.96573942052441;thessaloniki
ΠΕΡΙΦΈΡΕΙΑ ΚΕΝΤΡΙΚΉΣ ΜΑΚΕΔΟΝΊΑΣ;ΘΕΣΣΑΛΟΝΙΚΗΣ;ΔΕΛΤΑ;40.61487385;22.73352748208005;thessaloniki
ΠΕΡΙΦΈΡΕΙΑ ΚΕΝΤΡΙΚΉΣ ΜΑΚΕΔΟΝΊΑΣ;ΘΕΣΣΑΛΟΝΙΚΗΣ;ΠΑΥΛΟΥ ΜΕΛΑ;40.6848211;22.95445736910984;thessaloniki
ΠΕΡΙΦΈΡΕΙΑ ΚΕΝΤΡΙΚΉΣ ΜΑΚΕΔΟΝΊΑΣ;ΘΕΣΣΑΛΟΝΙΚΗΣ;ΕΥΟΣΜΟΥ-ΚΟΡΔΕΛΙΟΥ;40.6772208;22.905849663636886;thessaloniki
ΠΕΡΙΦΈΡΕΙΑ ΚΕΝΤΡΙΚΉΣ ΜΑΚΕΔΟΝΊΑΣ;ΘΕΣΣΑΛΟΝΙΚΗΣ;ΒΟΛΒΗΣ;40.705418949999995;23.551864945419517;polygyros
ΠΕΡΙΦΈΡΕΙΑ ΚΕΝΤΡΙΚΉΣ ΜΑΚΕΔΟΝΊΑΣ;ΘΕΣΣΑΛΟΝΙΚΗΣ;ΘΕΡΜΗΣ;40.47718615;23.047230980071816;thessaloniki
ΠΕΡΙΦΈΡΕΙΑ ΚΕΝΤΡΙΚΉΣ ΜΑΚΕΔΟΝΊΑΣ;ΘΕΣΣΑΛΟΝΙΚΗΣ;ΧΑΛΚΗΔΟΝΟΣ;40.731462004385975;22.59920619814561;thessaloniki
ΠΕΡΙΦΈΡΕΙΑ ΚΕΝΤΡΙΚΉΣ ΜΑΚΕΔΟΝΊΑΣ;ΘΕΣΣΑΛΟΝΙΚΗΣ;ΘΕΡΜΑΙΚΟΥ;40.4315791;22.90901914410187;thessaloniki
ΠΕΡΙΦΈΡΕΙΑ ΚΕΝΤΡΙΚΉΣ ΜΑΚΕΔΟΝΊΑΣ;ΣΕΡΡΩΝ;ΣΕΡΡΩΝ;41.1366884;23.567874466471995;nevrokopi
ΠΕΡΙΦΈΡΕΙΑ ΚΕΝΤΡΙΚΉΣ ΜΑΚΕΔΟΝΊΑΣ;ΣΕΡΡΩΝ;ΗΡΑΚΛΕΙΑΣ;41.098422549999995;23.265444117451057;kilkis
ΠΕΡΙΦΈΡΕΙΑ ΚΕΝΤΡΙΚΉΣ ΜΑΚΕΔΟΝΊΑΣ;ΣΕΡΡΩΝ;ΕΜΜΑΝΟΥΗΛ ΠΑΠΠΑ;41.0629504;23.67558180837328;nevrokopi
ΠΕΡΙΦΈΡΕΙΑ ΚΕΝΤΡΙΚΉΣ ΜΑΚΕΔΟΝΊΑΣ;ΣΕΡΡΩΝ;ΣΙΝΤΙΚΗΣ;41.264898650000006;23.229589536062445;kilkis
ΠΕΡΙΦΈΡΕΙΑ ΚΕΝΤΡΙΚΉΣ ΜΑΚΕΔΟΝΊΑΣ;ΣΕΡΡΩΝ;ΝΕΑΣ ΖΙΧΝΗΣ;41.0087985;23.83771472487869;drama
ΠΕΡΙΦΈΡΕΙΑ ΚΕΝΤΡΙΚΉΣ ΜΑΚΕΔΟΝΊΑΣ;ΣΕΡΡΩΝ;ΒΙΣΑΛΤΙΑΣ;40.89576485;23.58588226009949;drama
ΠΕΡΙΦΈΡΕΙΑ ΚΕΝΤΡΙΚΉΣ ΜΑΚΕΔΟΝΊΑΣ;ΣΕΡΡΩΝ;ΑΜΦΙΠΟΛΗΣ;40.9037942;23.952229547393046;drama
ΠΕΡΙΦΈΡΕΙΑ ΚΕΝΤΡΙΚΉΣ ΜΑΚΕΔΟΝΊΑΣ;ΧΑΛΚΙΔΙΚΗΣ;ΠΟΛΥΓΥΡΟΥ;40.406543049999996;23.393466986755996;polygyros
ΠΕΡΙΦΈΡΕΙΑ ΚΕΝΤΡΙΚΉΣ ΜΑΚΕΔΟΝΊΑΣ;ΧΑΛΚΙΔΙΚΗΣ;ΝΕΑΣ ΠΡΟΠΟΝΤΙΔΑΣ;40.3140765;23.18047830330632;polygyros
ΠΕΡΙΦΈΡΕΙΑ ΚΕΝΤΡΙΚΉΣ ΜΑΚΕΔΟΝΊΑΣ;ΧΑΛΚΙΔΙΚΗΣ;ΣΙΘΩΝΙΑΣ;40.1475311;23.830379540555988;polygyros
ΠΕΡΙΦΈΡΕΙΑ ΚΕΝΤΡΙΚΉΣ ΜΑΚΕΔΟΝΊΑΣ;ΧΑΛΚΙΔΙΚΗΣ;ΚΑΣΣΑΝΔΡΑΣ;40.0271075;23.434252170765312;polygyros
ΠΕΡΙΦΈΡΕΙΑ ΚΕΝΤΡΙΚΉΣ ΜΑΚΕΔΟΝΊΑΣ;ΧΑΛΚΙΔΙΚΗΣ;ΑΡΙΣΤΟΤΕΛΗ;40.4787367;23.676156910916546;polygyros
ΠΕΡΙΦΈΡΕΙΑ ΚΕΝΤΡΙΚΉΣ ΜΑΚΕΔΟΝΊΑΣ;ΚΙΛΚΙΣ;ΚΙΛΚΙΣ;41.0670838;22.92124208474187;kilkis
ΠΕΡΙΦΈΡΕΙΑ ΚΕΝΤΡΙΚΉΣ ΜΑΚΕΔΟΝΊΑΣ;ΚΙΛΚΙΣ;ΠΑΙΟΝΙΑΣ;41.01255505;22.473805560972828;kilkis
ΠΕΡΙΦΈΡΕΙΑ ΚΕΝΤΡΙΚΉΣ ΜΑΚΕΔΟΝΊΑΣ;ΠΕΛΛΑΣ;ΕΔΕΣΣΑΣ;40.79337025;21.932504283734005;naousa
ΠΕΡΙΦΈΡΕΙΑ ΚΕΝΤΡΙΚΉΣ ΜΑΚΕΔΟΝΊΑΣ;ΠΕΛΛΑΣ;ΣΚΥΔΡΑΣ;40.8103695;22.173664227242398;naousa
ΠΕΡΙΦΈΡΕΙΑ ΚΕΝΤΡΙΚΉΣ ΜΑΚΕΔΟΝΊΑΣ;ΠΕΛΛΑΣ;ΠΕΛΛΑΣ;40.805329900000004;22.37327373118575;veroia
ΠΕΡΙΦΈΡΕΙΑ ΚΕΝΤΡΙΚΉΣ ΜΑΚΕΔΟΝΊΑΣ;ΠΕΛΛΑΣ;ΑΛΜΩΠΙΑΣ;41.01021595;22.051611064730643;naousa
ΠΕΡΙΦΈΡΕΙΑ ΚΕΝΤΡΙΚΉΣ ΜΑΚΕΔΟΝΊΑΣ;ΗΜΑΘΙΑΣ;ΒΕΡΟΙΑΣ;40.5215342;22.2036834;veroia
ΠΕΡΙΦΈΡΕΙΑ ΚΕΝΤΡΙΚΉΣ ΜΑΚΕΔΟΝΊΑΣ;ΗΜΑΘΙΑΣ;ΑΛΕΞΑΝΔΡΕΙΑΣ;40.5854734;22.45918803930605;veroia
ΠΕΡΙΦΈΡΕΙΑ ΚΕΝΤΡΙΚΉΣ ΜΑΚΕΔΟΝΊΑΣ;ΗΜΑΘΙΑΣ;ΝΑΟΥΣΑΣ;40.618123499999996;22.038924972899714;naousa
ΠΕΡΙΦΈΡΕΙΑ ΚΕΝΤΡΙΚΉΣ ΜΑΚΕΔΟΝΊΑΣ;ΠΙΕΡΙΑΣ;ΚΑΤΕΡΙΝΗΣ;40.2713616;22.5087618;dion
ΠΕΡΙΦΈΡΕΙΑ ΚΕΝΤΡΙΚΉΣ ΜΑΚΕΔΟΝΊΑΣ;ΠΙΕΡΙΑΣ;ΠΥΔΝΑΣ-ΚΟΛΙΝΔΡΟΥ;40.44293725;22.500542689206284;dion
ΠΕΡΙΦΈΡΕΙΑ ΚΕΝΤΡΙΚΉΣ ΜΑΚΕΔΟΝΊΑΣ;ΠΙΕΡΙΑΣ;ΔΙΟΥ-ΟΛΥΜΠΟΥ;40.10201315;22.4644442423223;dion
ΠΕΡΙΦΈΡΕΙΑ ΔΥΤΙΚΉΣ ΜΑΚΕΔΟΝΊΑΣ;ΚΟΖΑΝΗΣ;ΒΟΪΟΥ;40.3004236;21.34779639722897;grevena
ΠΕΡΙΦΈΡΕΙΑ ΔΥΤΙΚΉΣ ΜΑΚΕΔΟΝΊΑΣ;ΚΟΖΑΝΗΣ;ΚΟΖΑΝΗΣ;40.29001835;21.758563281161805;notiopedio
ΠΕΡΙΦΈΡΕΙΑ ΔΥΤΙΚΉΣ ΜΑΚΕΔΟΝΊΑΣ;ΚΟΖΑΝΗΣ;ΣΕΡΒΙΩΝ - ΒΕΛΒΕΝΤΟΥ;40.2425448;22.0334872;notiopedio
ΠΕΡΙΦΈΡΕΙΑ ΔΥΤΙΚΉΣ ΜΑΚΕΔΟΝΊΑΣ;ΚΟΖΑΝΗΣ;ΕΟΡΔΑΙΑΣ;40.535875399999995;21.719601969558006;ptolemaida
ΠΕΡΙΦΈΡΕΙΑ ΔΥΤΙΚΉΣ ΜΑΚΕΔΟΝΊΑΣ;ΦΛΩΡΙΝΑΣ;ΦΛΩΡΙΝΑΣ;40.7876067;21.458315993881758;florina
ΠΕΡΙΦΈΡΕΙΑ ΔΥΤΙΚΉΣ ΜΑΚΕΔΟΝΊΑΣ;ΦΛΩΡΙΝΑΣ;ΠΡΕΣΠΩΝ;40.7435495;21.11231636290146;florina
ΠΕΡΙΦΈΡΕΙΑ ΔΥΤΙΚΉΣ ΜΑΚΕΔΟΝΊΑΣ;ΦΛΩΡΙΝΑΣ;ΑΜΥΝΤΑΙΟΥ;40.68676255;21.671710011695733;ptolemaida
ΠΕΡΙΦΈΡΕΙΑ ΔΥΤΙΚΉΣ ΜΑΚΕΔΟΝΊΑΣ;ΚΑΣΤΟΡΙΑΣ;ΚΑΣΤΟΡΙΑΣ;40.5770335;21.251588912946126;florina
ΠΕΡΙΦΈΡΕΙΑ ΔΥΤΙΚΉΣ ΜΑΚΕΔΟΝΊΑΣ;ΚΑΣΤΟΡΙΑΣ;ΝΕΣΤΟΡΙΟΥ;40.3546464;20.962504556567566;grevena
ΠΕΡΙΦΈΡΕΙΑ ΔΥΤΙΚΉΣ ΜΑΚΕΔΟΝΊΑΣ;ΚΑΣΤΟΡΙΑΣ;ΟΡΕΣΤΙΔΟΣ;40.40527695;21.21580837090906;grevena
ΠΕΡΙΦΈΡΕΙΑ ΔΥΤΙΚΉΣ ΜΑΚΕΔΟΝΊΑΣ;ΓΡΕΒΕΝΩΝ;ΓΡΕΒΕΝΩΝ;40.0398084;21.420138871130995;grevena
ΠΕΡΙΦΈΡΕΙΑ ΔΥΤΙΚΉΣ ΜΑΚΕΔΟΝΊΑΣ;ΓΡΕΒΕΝΩΝ;ΔΕΣΚΑΤΗΣ;39.9775372;21.74115032054148;grevena
ΠΕΡΙΦΈΡΕΙΑ ΗΠΕΊΡΟΥ;ΙΩΑΝΝΙΝΩΝ;ΙΩΑΝΝΙΤΩΝ;39.640841699999996;20.895290899105035;ioannina
ΠΕΡΙΦΈΡΕΙΑ ΗΠΕΊΡΟΥ;ΙΩΑΝΝΙΝΩΝ;ΖΙΤΣΑΣ;39.6899598;20.661869912225704;ioannina
ΠΕΡΙΦΈΡΕΙΑ ΗΠΕΊΡΟΥ;ΙΩΑΝΝΙΝΩΝ;ΔΩΔΩΝΗΣ;39.453207250000006;20.797040343930796;ioannina
ΠΕΡΙΦΈΡΕΙΑ ΗΠΕΊΡΟΥ;ΙΩΑΝΝΙΝΩΝ;ΜΕΤΣΟΒΟΥ;39.775404;21.132838861867093;ioannina
ΠΕΡΙΦΈΡΕΙΑ ΗΠΕΊΡΟΥ;ΙΩΑΝΝΙΝΩΝ;ΖΑΓΟΡΙΟΥ;39.864876249999995;20.881280326262285;ioannina
ΠΕΡΙΦΈΡΕΙΑ ΗΠΕΊΡΟΥ;ΙΩΑΝΝΙΝΩΝ;ΠΩΓΩΝΙΟΥ;39.919284149999996;20.47558852151841;igoumenitsa
ΠΕΡΙΦΈΡΕΙΑ ΗΠΕΊΡΟΥ;ΙΩΑΝΝΙΝΩΝ;ΚΟΝΙΤΣΑΣ;40.16598035;20.83741285359906;grevena
ΠΕΡΙΦΈΡΕΙΑ ΗΠΕΊΡΟΥ;ΘΕΣΠΡΩΤΙΑΣ;ΗΓΟΥΜΕΝΙΤΣΑΣ;39.4243822;20.322977511988842;igoumenitsa
ΠΕΡΙΦΈΡΕΙΑ ΗΠΕΊΡΟΥ;ΘΕΣΠΡΩΤΙΑΣ;ΦΙΛΙΑΤΩΝ;39.665904850000004;20.374486994659666;igoumenitsa
ΠΕΡΙΦΈΡΕΙΑ ΗΠΕΊΡΟΥ;ΘΕΣΠΡΩΤΙΑΣ;ΣΟΥΛΙΟΥ;39.471408600000004;20.49596322217078;igoumenitsa
ΠΕΡΙΦΈΡΕΙΑ ΗΠΕΊΡΟΥ;ΑΡΤΑΣ;ΑΡΤΑΙΩΝ;39.207858099999996;20.958296439890113;arta
ΠΕΡΙΦΈΡΕΙΑ ΗΠΕΊΡΟΥ;ΑΡΤΑΣ;ΝΙΚΟΛΑΟΥ ΣΚΟΥΦΑ;39.141000500000004;21.075933740424027;arta
ΠΕΡΙΦΈΡΕΙΑ ΗΠΕΊΡΟΥ;ΑΡΤΑΣ;ΓΕΩΡΓΙΟΥ ΚΑΡΑΙΣΚΑΚΗ;39.22938085;21.240668077166326;arta
ΠΕΡΙΦΈΡΕΙΑ ΗΠΕΊΡΟΥ;ΑΡΤΑΣ;ΚΕΝΤΡΙΚΩΝ ΤΖΟΥΜΕΡΚΩΝ;39.3886149;21.16143800476744;arta
ΠΕΡΙΦΈΡΕΙΑ ΗΠΕΊΡΟΥ;ΠΡΕΒΕΖΗΣ;ΠΡΕΒΕΖΑΣ;39.28512705;20.597295746099498;arta
ΠΕΡΙΦΈΡΕΙΑ ΗΠΕΊΡΟΥ;ΠΡΕΒΕΖΗΣ;ΖΗΡΟΥ;39.26860145;20.813944935598368;arta
ΠΕΡΙΦΈΡΕΙΑ ΗΠΕΊΡΟΥ;ΠΡΕΒΕΖΗΣ;ΠΑΡΓΑΣ;39.25264515;20.56861468120517;arta
ΠΕΡΙΦΈΡΕΙΑ ΘΕΣΣΑΛΊΑΣ;ΛΑΡΙΣΑΣ;ΑΓΙΑΣ;39.720168349999994;22.728583907380973;larissa
ΠΕΡΙΦΈΡΕΙΑ ΘΕΣΣΑΛΊΑΣ;ΛΑΡΙΣΑΣ;ΛΑΡΙΣΑΙΩΝ;39.62855675;22.33406834164544;larissa
ΠΕΡΙΦΈΡΕΙΑ ΘΕΣΣΑΛΊΑΣ;ΛΑΡΙΣΑΣ;ΦΑΡΣΑΛΩΝ;39.2949611;22.384792;larissa
ΠΕΡΙΦΈΡΕΙΑ ΘΕΣΣΑΛΊΑΣ;ΛΑΡΙΣΑΣ;ΤΥΡΝΑΒΟΥ;39.7388604;22.2882216;larissa
ΠΕΡΙΦΈΡΕΙΑ ΘΕΣΣΑΛΊΑΣ;ΛΑΡΙΣΑΣ;ΚΙΛΕΛΕΡ;39.5473618;22.56089974879712;larissa
ΠΕΡΙΦΈΡΕΙΑ ΘΕΣΣΑΛΊΑΣ;ΛΑΡΙΣΑΣ;ΤΕΜΠΩΝ;39.83185845;22.56489821991784;larissa
ΠΕΡΙΦΈΡΕΙΑ ΘΕΣΣΑΛΊΑΣ;ΛΑΡΙΣΑΣ;ΕΛΑΣΣΟΝΑΣ;39.8939174;22.189257;larissa
ΠΕΡΙΦΈΡΕΙΑ ΘΕΣΣΑΛΊΑΣ;ΜΑΓΝΗΣΙΑΣ;ΖΑΓΟΡΑΣ-ΜΟΥΡΕΣΙΟΥ;39.438012549999996;23.089926525560422;volos
ΠΕΡΙΦΈΡΕΙΑ ΘΕΣΣΑΛΊΑΣ;ΜΑΓΝΗΣΙΑΣ;ΒΟΛΟΥ;39.3624833;22.9401864;volos
ΠΕΡΙΦΈΡΕΙΑ ΘΕΣΣΑΛΊΑΣ;ΜΑΓΝΗΣΙΑΣ;ΝΟΤΙΟΥ ΠΗΛΙΟΥ;39.232733100000004;23.249701472528148;volos
ΠΕΡΙΦΈΡΕΙΑ ΘΕΣΣΑΛΊΑΣ;ΜΑΓΝΗΣΙΑΣ;ΑΛΜΥΡΟΥ;39.1807614;22.7609792;volos
ΠΕΡΙΦΈΡΕΙΑ ΘΕΣΣΑΛΊΑΣ;ΜΑΓΝΗΣΙΑΣ;ΡΗΓΑ ΦΕΡΑΙΟΥ;39.3418027;23.0048287;volos
ΠΕΡΙΦΈΡΕΙΑ ΘΕΣΣΑΛΊΑΣ;ΜΑΓΝΗΣΙΑΣ;ΣΚΟΠΕΛΟΥ;39.3811849;22.9407661;volos
ΠΕΡΙΦΈΡΕΙΑ ΘΕΣΣΑΛΊΑΣ;ΜΑΓΝΗΣΙΑΣ;ΣΚΙΑΘΟΥ;39.377769;22.9153753;volos
ΠΕΡΙΦΈΡΕΙΑ ΘΕΣΣΑΛΊΑΣ;ΜΑΓΝΗΣΙΑΣ;ΑΛΟΝΝΗΣΟΥ;39.3789419;22.9175364;volos
ΠΕΡΙΦΈΡΕΙΑ ΘΕΣΣΑΛΊΑΣ;ΤΡΙΚΑΛΩΝ;ΤΡΙΚΚΑΙΩΝ;39.5560869;21.7678844;trikala
ΠΕΡΙΦΈΡΕΙΑ ΘΕΣΣΑΛΊΑΣ;ΤΡΙΚΑΛΩΝ;ΠΥΛΗΣ;39.47377165;21.464756115484455;trikala
ΠΕΡΙΦΈΡΕΙΑ ΘΕΣΣΑΛΊΑΣ;ΤΡΙΚΑΛΩΝ;ΦΑΡΚΑΔΟΝΑΣ;39.61300005;22.039089222572507;trikala
ΠΕΡΙΦΈΡΕΙΑ ΘΕΣΣΑΛΊΑΣ;ΤΡΙΚΑΛΩΝ;ΚΑΛΑΜΠΑΚΑΣ;39.7225469;21.473930485508955;trikala
ΠΕΡΙΦΈΡΕΙΑ ΘΕΣΣΑΛΊΑΣ;ΚΑΡΔΙΤΣΑΣ;ΠΑΛΑΜΑ;39.461437149999995;22.11482675228781;larissa
ΠΕΡΙΦΈΡΕΙΑ ΘΕΣΣΑΛΊΑΣ;ΚΑΡΔΙΤΣΑΣ;ΚΑΡΔΙΤΣΑΣ;39.283889200000004;21.900181790289043;trikala
ΠΕΡΙΦΈΡΕΙΑ ΘΕΣΣΑΛΊΑΣ;ΚΑΡΔΙΤΣΑΣ;ΣΟΦΑΔΩΝ;39.2367989;22.120242351284485;karpenisitown
ΠΕΡΙΦΈΡΕΙΑ ΘΕΣΣΑΛΊΑΣ;ΚΑΡΔΙΤΣΑΣ;ΛΙΜΝΗ ΠΛΑΣΤΗΡΑ;39.30888980533765;21.712927449573442;trikala
ΠΕΡΙΦΈΡΕΙΑ ΘΕΣΣΑΛΊΑΣ;ΚΑΡΔΙΤΣΑΣ;ΜΟΥΖΑΚΙΟΥ;39.413234;21.708183885115126;trikala
ΠΕΡΙΦΈΡΕΙΑ ΘΕΣΣΑΛΊΑΣ;ΚΑΡΔΙΤΣΑΣ;ΑΡΓΙΘΕΑΣ;39.2903174;21.53161573635171;trikala
ΠΕΡΙΦΈΡΕΙΑ ΔΥΤΙΚΉΣ ΕΛΛΆΔΑΣ;ΑΧΑΙΑΣ;ΠΑΤΡΕΩΝ;38.246242;21.7350847;patra
ΠΕΡΙΦΈΡΕΙΑ ΔΥΤΙΚΉΣ ΕΛΛΆΔΑΣ;ΑΧΑΙΑΣ;ΕΡΥΜΑΝΘΟΥ;38.0031622;21.75161444534512;patra
ΠΕΡΙΦΈΡΕΙΑ ΔΥΤΙΚΉΣ ΕΛΛΆΔΑΣ;ΑΧΑΙΑΣ;ΔΥΤΙΚΗΣ ΑΧΑΪΑΣ;38.0654267;21.538884460754637;patra
ΠΕΡΙΦΈΡΕΙΑ ΔΥΤΙΚΉΣ ΕΛΛΆΔΑΣ;ΑΧΑΙΑΣ;ΑΙΓΙΑΛΕΙΑΣ;38.140844;22.25179944644308;mornos1
ΠΕΡΙΦΈΡΕΙΑ ΔΥΤΙΚΉΣ ΕΛΛΆΔΑΣ;ΑΧΑΙΑΣ;ΚΑΛΑΒΡΥΤΩΝ;38.032525;22.1128313;patra
ΠΕΡΙΦΈΡΕΙΑ ΔΥΤΙΚΉΣ ΕΛΛΆΔΑΣ;ΑΙΤΩΛΟΑΚΑΡΝΑΝΙΑΣ;ΜΕΣΟΛΟΓΓΙΟΥ;38.46793785;21.3290041054207;gavalou
ΠΕΡΙΦΈΡΕΙΑ ΔΥΤΙΚΉΣ ΕΛΛΆΔΑΣ;ΑΙΤΩΛΟΑΚΑΡΝΑΝΙΑΣ;ΝΑΥΠΑΚΤΙΑΣ;38.5450628;21.8705597769982;mornos1
ΠΕΡΙΦΈΡΕΙΑ ΔΥΤΙΚΉΣ ΕΛΛΆΔΑΣ;ΑΙΤΩΛΟΑΚΑΡΝΑΝΙΑΣ;ΞΗΡΟΜΕΡΟΥ;38.6043463;21.117471193498808;gavalou
ΠΕΡΙΦΈΡΕΙΑ ΔΥΤΙΚΉΣ ΕΛΛΆΔΑΣ;ΑΙΤΩΛΟΑΚΑΡΝΑΝΙΑΣ;ΑΓΡΙΝΙΟΥ;38.64690365;21.44860827225311;gavalou
ΠΕΡΙΦΈΡΕΙΑ ΔΥΤΙΚΉΣ ΕΛΛΆΔΑΣ;ΑΙΤΩΛΟΑΚΑΡΝΑΝΙΑΣ;ΑΜΦΙΛΟΧΙΑΣ;38.9640584;21.329434832600747;arta
ΠΕΡΙΦΈΡΕΙΑ ΔΥΤΙΚΉΣ ΕΛΛΆΔΑΣ;ΑΙΤΩΛΟΑΚΑΡΝΑΝΙΑΣ;ΘΕΡΜΟΥ;38.58312815;21.657238485276814;gavalou
ΠΕΡΙΦΈΡΕΙΑ ΔΥΤΙΚΉΣ ΕΛΛΆΔΑΣ;ΑΙΤΩΛΟΑΚΑΡΝΑΝΙΑΣ;ΑΚΤΙΟΥ - ΒΟΝΙΤΣΑΣ;38.81918374999999;20.9365496271204;lefkada
ΠΕΡΙΦΈΡΕΙΑ ΔΥΤΙΚΉΣ ΕΛΛΆΔΑΣ;ΗΛΕΙΑΣ;ΠΥΡΓΟΥ;37.6722103;21.4392124;pirgos
ΠΕΡΙΦΈΡΕΙΑ ΔΥΤΙΚΉΣ ΕΛΛΆΔΑΣ;ΗΛΕΙΑΣ;ΑΡΧΑΙΑΣ ΟΛΥΜΠΙΑΣ;37.77124645;21.743385255366068;pirgos
ΠΕΡΙΦΈΡΕΙΑ ΔΥΤΙΚΉΣ ΕΛΛΆΔΑΣ;ΗΛΕΙΑΣ;ΑΝΔΡΙΤΣΑΙΝΑΣ - ΚΡΕΣΤΕΝΩΝ;37.5211202;21.86915537501057;megalopoli
ΠΕΡΙΦΈΡΕΙΑ ΔΥΤΙΚΉΣ ΕΛΛΆΔΑΣ;ΗΛΕΙΑΣ;ΖΑΧΑΡΩΣ;37.468235050000004;21.735356966371853;kyparissia
ΠΕΡΙΦΈΡΕΙΑ ΔΥΤΙΚΉΣ ΕΛΛΆΔΑΣ;ΗΛΕΙΑΣ;ΗΛΙΔΑΣ;37.82340445;21.403478379958116;pirgos
ΠΕΡΙΦΈΡΕΙΑ ΔΥΤΙΚΉΣ ΕΛΛΆΔΑΣ;ΗΛΕΙΑΣ;ΠΗΝΕΙΟΥ;37.86331615;21.2341820695503;pirgos
ΠΕΡΙΦΈΡΕΙΑ ΔΥΤΙΚΉΣ ΕΛΛΆΔΑΣ;ΗΛΕΙΑΣ;ΑΝΔΡΑΒΙΔΑΣ - ΚΥΛΛΗΝΗΣ;37.9794476;21.35162903221481;pirgos
ΠΕΡΙΦΈΡΕΙΑ ΠΕΛΟΠΟΝΝΉΣΟΥ;ΑΡΚΑΔΙΑΣ;ΤΡΙΠΟΛΗΣ;37.52646585;22.34874426880834;tripoli
ΠΕΡΙΦΈΡΕΙΑ ΠΕΛΟΠΟΝΝΉΣΟΥ;ΑΡΚΑΔΙΑΣ;ΓΟΡΤΥΝΙΑΣ;37.66488015;22.020226572403587;megalopoli
ΠΕΡΙΦΈΡΕΙΑ ΠΕΛΟΠΟΝΝΉΣΟΥ;ΑΡΚΑΔΙΑΣ;ΒΟΡΕΙΑΣ ΚΥΝΟΥΡΙΑΣ;37.36709625;22.613086683447126;tripoli
ΠΕΡΙΦΈΡΕΙΑ ΠΕΛΟΠΟΝΝΉΣΟΥ;ΑΡΚΑΔΙΑΣ;ΝΟΤΙΑΣ ΚΥΝΟΥΡΙΑΣ;37.15438535;22.770874981442688;sparti
ΠΕΡΙΦΈΡΕΙΑ ΠΕΛΟΠΟΝΝΉΣΟΥ;ΑΡΚΑΔΙΑΣ;ΜΕΓΑΛΟΠΟΛΗΣ;37.352042850000004;22.117171624660116;megalopoli
ΠΕΡΙΦΈΡΕΙΑ ΠΕΛΟΠΟΝΝΉΣΟΥ;ΜΕΣΣΗΝΙΑΣ;ΔΥΤΙΚΗΣ ΜΑΝΗΣ;36.8958198;22.290896844933158;sparti
ΠΕΡΙΦΈΡΕΙΑ ΠΕΛΟΠΟΝΝΉΣΟΥ;ΜΕΣΣΗΝΙΑΣ;ΜΕΣΣΗΝΗΣ;37.030947100000006;21.925956865972196;kyparissia
ΠΕΡΙΦΈΡΕΙΑ ΠΕΛΟΠΟΝΝΉΣΟΥ;ΜΕΣΣΗΝΙΑΣ;ΠΥΛΟΥ-ΝΕΣΤΟΡΟΣ;36.932131600000005;21.775575482438818;kyparissia
ΠΕΡΙΦΈΡΕΙΑ ΠΕΛΟΠΟΝΝΉΣΟΥ;ΜΕΣΣΗΝΙΑΣ;ΚΑΛΑΜΑΤΑΣ;37.0377582;22.1109392;sparti
ΠΕΡΙΦΈΡΕΙΑ ΠΕΛΟΠΟΝΝΉΣΟΥ;ΜΕΣΣΗΝΙΑΣ;ΟΙΧΑΛΙΑΣ;37.323853;21.93149563126859;megalopoli
ΠΕΡΙΦΈΡΕΙΑ ΠΕΛΟΠΟΝΝΉΣΟΥ;ΜΕΣΣΗΝΙΑΣ;ΤΡΙΦΥΛΛΙΑΣ;37.37565748270886;21.690041802996344;kyparissia
ΠΕΡΙΦΈΡΕΙΑ ΠΕΛΟΠΟΝΝΉΣΟΥ;ΛΑΚΩΝΙΑΣ;ΣΠΑΡΤΗΣ;37.0750742;22.4310282;sparti
ΠΕΡΙΦΈΡΕΙΑ ΠΕΛΟΠΟΝΝΉΣΟΥ;ΛΑΚΩΝΙΑΣ;ΕΥΡΩΤΑ;36.96369955;22.76853208422481;sparti
ΠΕΡΙΦΈΡΕΙΑ ΠΕΛΟΠΟΝΝΉΣΟΥ;ΛΑΚΩΝΙΑΣ;ΑΝΑΤΟΛΙΚΗΣ ΜΑΝΗΣ;36.635215;22.43982243606205;sparti
ΠΕΡΙΦΈΡΕΙΑ ΑΤΤΙΚΉΣ;ΑΤΤΙΚΗΣ;ΚΥΘΗΡΩΝ;36.258028800000005;23.002435236230205;sparti
ΠΕΡΙΦΈΡΕΙΑ ΠΕΛΟΠΟΝΝΉΣΟΥ;ΛΑΚΩΝΙΑΣ;ΜΟΝΕΜΒΑΣΙΑΣ;36.7380152;22.928205104374204;sparti
ΠΕΡΙΦΈΡΕΙΑ ΠΕΛΟΠΟΝΝΉΣΟΥ;ΛΑΚΩΝΙΑΣ;ΕΛΑΦΟΝΗΣΟΥ;36.48360155;22.958984157405723;sparti
ΠΕΡΙΦΈΡΕΙΑ ΠΕΛΟΠΟΝΝΉΣΟΥ;ΑΡΓΟΛΙΔΟΣ;ΝΑΥΠΛΙΕΩΝ;37.592224200000004;22.84764070647526;argos
ΠΕΡΙΦΈΡΕΙΑ ΠΕΛΟΠΟΝΝΉΣΟΥ;ΑΡΓΟΛΙΔΟΣ;ΕΠΙΔΑΥΡΟΥ;37.625959699999996;23.07638520400686;argos
ΠΕΡΙΦΈΡΕΙΑ ΠΕΛΟΠΟΝΝΉΣΟΥ;ΑΡΓΟΛΙΔΟΣ;ΕΡΜΙΟΝΙΔΑΣ;37.40985415;23.233200397499665;argos
ΠΕΡΙΦΈΡΕΙΑ ΑΤΤΙΚΉΣ;ΑΤΤΙΚΗΣ;ΤΡΟΙΖΗΝΙΑΣ;37.548753500000004;23.22643853431208;argos
ΠΕΡΙΦΈΡΕΙΑ ΑΤΤΙΚΉΣ;ΑΤΤΙΚΗΣ;ΑΘΗΝΑΙΩΝ;37.99085805;23.741474247371166;athens
ΠΕΡΙΦΈΡΕΙΑ ΑΤΤΙΚΉΣ;ΑΤΤΙΚΗΣ;ΥΔΡΑΣ;37.332093;23.46646349926514;lavrio
ΠΕΡΙΦΈΡΕΙΑ ΑΤΤΙΚΉΣ;ΑΤΤΙΚΗΣ;ΠΟΡΟΥ;37.52692105;23.475245365132018;athens
ΠΕΡΙΦΈΡΕΙΑ ΠΕΛΟΠΟΝΝΉΣΟΥ;ΑΡΓΟΛΙΔΟΣ;ΑΡΓΟΥΣ - ΜΥΚΗΝΩΝ;37.65561955;22.628524323500656;argos
ΠΕΡΙΦΈΡΕΙΑ ΠΕΛΟΠΟΝΝΉΣΟΥ;ΚΟΡΙΝΘΙΑΣ;ΚΟΡΙΝΘΙΩΝ;37.8284273;22.961760053205886;nemea
ΠΕΡΙΦΈΡΕΙΑ ΠΕΛΟΠΟΝΝΉΣΟΥ;ΚΟΡΙΝΘΙΑΣ;ΛΟΥΤΡΑΚΙΟΥ-ΑΓΙΩΝ ΘΕΟΔΩΡΩΝ;37.9863988;23.03508958807216;nemea
ΠΕΡΙΦΈΡΕΙΑ ΠΕΛΟΠΟΝΝΉΣΟΥ;ΚΟΡΙΝΘΙΑΣ;ΝΕΜΕΑΣ;37.8327212;22.672467043708266;nemea
ΠΕΡΙΦΈΡΕΙΑ ΠΕΛΟΠΟΝΝΉΣΟΥ;ΚΟΡΙΝΘΙΑΣ;ΒΕΛΟΥ-ΒΟΧΑΣ;37.92093635;22.739464786922987;nemea
ΠΕΡΙΦΈΡΕΙΑ ΠΕΛΟΠΟΝΝΉΣΟΥ;ΚΟΡΙΝΘΙΑΣ;ΞΥΛΟΚΑΣΤΡΟΥ-ΕΥΡΩΣΤΙΝΗΣ;38.023222849999996;22.497195917782758;nemea
ΠΕΡΙΦΈΡΕΙΑ ΠΕΛΟΠΟΝΝΉΣΟΥ;ΚΟΡΙΝΘΙΑΣ;ΣΙΚΥΩΝΙΩΝ;37.92172435;22.555625191660663;nemea
ΠΕΡΙΦΈΡΕΙΑ ΣΤΕΡΕΆΣ ΕΛΛΆΔΟΣ;ΦΘΙΩΤΙΔΑΣ;ΛΑΜΙΕΩΝ;38.883611;22.34787212802164;amfiklia
ΠΕΡΙΦΈΡΕΙΑ ΣΤΕΡΕΆΣ ΕΛΛΆΔΟΣ;ΦΘΙΩΤΙΔΑΣ;ΑΜΦΙΚΛΕΙΑΣ-ΕΛΑΤΕΙΑΣ;38.630042849999995;22.714171752487086;amfiklia
ΠΕΡΙΦΈΡΕΙΑ ΣΤΕΡΕΆΣ ΕΛΛΆΔΟΣ;ΦΘΙΩΤΙΔΑΣ;ΔΟΜΟΚΟΥ;39.136249899999996;22.30742542814663;karpenisitown
ΠΕΡΙΦΈΡΕΙΑ ΣΤΕΡΕΆΣ ΕΛΛΆΔΟΣ;ΦΘΙΩΤΙΔΑΣ;ΛΟΚΡΩΝ ;38.6296835;22.98280690558952;livadeia
ΠΕΡΙΦΈΡΕΙΑ ΣΤΕΡΕΆΣ ΕΛΛΆΔΟΣ;ΦΘΙΩΤΙΔΑΣ;ΣΤΥΛΙΔΑΣ;38.96091145;22.778289932593175;amfiklia
ΠΕΡΙΦΈΡΕΙΑ ΣΤΕΡΕΆΣ ΕΛΛΆΔΟΣ;ΦΘΙΩΤΙΔΑΣ;ΜΩΛΟΥ;38.76620105;22.70981170657717;amfiklia
ΠΕΡΙΦΈΡΕΙΑ ΣΤΕΡΕΆΣ ΕΛΛΆΔΟΣ;ΦΘΙΩΤΙΔΑΣ;ΜΑΚΡΑΚΩΜΗΣ;38.9234558;22.03220130585895;karpenisitown
ΠΕΡΙΦΈΡΕΙΑ ΣΤΕΡΕΆΣ ΕΛΛΆΔΟΣ;ΕΥΡΥΤΑΝΙΑΣ;ΑΓΡΑΦΩΝ;39.064753350000004;21.58523513054001;karpenisitown
ΠΕΡΙΦΈΡΕΙΑ ΣΤΕΡΕΆΣ ΕΛΛΆΔΟΣ;ΕΥΡΥΤΑΝΙΑΣ;ΚΑΡΠΕΝΗΣΙΟΥ;38.914497600000004;21.764516692397432;karpenisitown
ΠΕΡΙΦΈΡΕΙΑ ΣΤΕΡΕΆΣ ΕΛΛΆΔΟΣ;ΦΩΚΙΔΟΣ;ΔΕΛΦΩΝ;38.54244935;22.409566177659936;amfiklia
ΠΕΡΙΦΈΡΕΙΑ ΣΤΕΡΕΆΣ ΕΛΛΆΔΟΣ;ΒΟΙΩΤΙΑΣ;ΛΕΒΑΔΕΩΝ;38.409362;22.885433873571728;livadeia
ΠΕΡΙΦΈΡΕΙΑ ΣΤΕΡΕΆΣ ΕΛΛΆΔΟΣ;ΒΟΙΩΤΙΑΣ;ΑΛΙΑΡΤΟΥ;38.36984725;23.075928562178305;livadeia
ΠΕΡΙΦΈΡΕΙΑ ΣΤΕΡΕΆΣ ΕΛΛΆΔΟΣ;ΒΟΙΩΤΙΑΣ;ΟΡΧΟΜΕΝΟΥ;38.49152885;23.134992804509015;livadeia
ΠΕΡΙΦΈΡΕΙΑ ΣΤΕΡΕΆΣ ΕΛΛΆΔΟΣ;ΒΟΙΩΤΙΑΣ;ΔΙΣΤΟΜΟΥ - ΑΡΑΧΟΒΑΣ - ΑΝΤΙΚΥΡΑΣ;38.46479015;22.661950653615186;amfiklia
ΠΕΡΙΦΈΡΕΙΑ ΣΤΕΡΕΆΣ ΕΛΛΆΔΟΣ;ΒΟΙΩΤΙΑΣ;ΘΗΒΑΙΩΝ;38.32034705;23.28323358810463;tanagra
ΠΕΡΙΦΈΡΕΙΑ ΣΤΕΡΕΆΣ ΕΛΛΆΔΟΣ;ΒΟΙΩΤΙΑΣ;ΤΑΝΑΓΡΑΣ;38.2658413;23.53115987204443;tanagra
ΠΕΡΙΦΈΡΕΙΑ ΣΤΕΡΕΆΣ ΕΛΛΆΔΟΣ;ΕΥΒΟΙΑΣ;ΔΙΡΦΥΩΝ - ΜΕΣΣΑΠΙΩΝ;38.603614300000004;23.707998119991608;tanagra
ΠΕΡΙΦΈΡΕΙΑ ΣΤΕΡΕΆΣ ΕΛΛΆΔΟΣ;ΕΥΒΟΙΑΣ;ΕΡΕΤΡΙΑΣ;38.48972885;23.916410786053888;tanagra
ΠΕΡΙΦΈΡΕΙΑ ΣΤΕΡΕΆΣ ΕΛΛΆΔΟΣ;ΕΥΒΟΙΑΣ;ΧΑΛΚΙΔΕΩΝ;38.430089949999996;23.515708783452403;tanagra
ΠΕΡΙΦΈΡΕΙΑ ΣΤΕΡΕΆΣ ΕΛΛΆΔΟΣ;ΕΥΒΟΙΑΣ;ΚΥΜΗΣ - ΑΛΙΒΕΡΙΟΥ;38.46872155;24.065102657812943;tanagra
ΠΕΡΙΦΈΡΕΙΑ ΣΤΕΡΕΆΣ ΕΛΛΆΔΟΣ;ΕΥΒΟΙΑΣ;ΚΑΡΥΣΤΟΥ;38.1254822;24.396447909354993;kea
ΠΕΡΙΦΈΡΕΙΑ ΣΤΕΡΕΆΣ ΕΛΛΆΔΟΣ;ΕΥΒΟΙΑΣ;ΣΚΥΡΟΥ;38.87304355;24.524477385184014;skopelos
ΠΕΡΙΦΈΡΕΙΑ ΣΤΕΡΕΆΣ ΕΛΛΆΔΟΣ;ΕΥΒΟΙΑΣ;ΙΣΤΙΑΙΑΣ - ΑΙΔΗΨΟΥ;38.93238765;23.16834183880374;volos
ΠΕΡΙΦΈΡΕΙΑ ΣΤΕΡΕΆΣ ΕΛΛΆΔΟΣ;ΕΥΒΟΙΑΣ;ΜΑΝΤΟΥΔΙΟΥ - ΛΙΜΝΗΣ - ΑΓΙΑΣ ΑΝΝΑΣ;38.818031950000005;23.367807182803148;skopelos
ΠΕΡΙΦΈΡΕΙΑ ΝΟΤΊΟΥ ΑΙΓΑΊΟΥ;ΚΥΚΛΑΔΩΝ;ΣΕΡΙΦΟΥ;37.1593553;24.47365402258007;kea
ΠΕΡΙΦΈΡΕΙΑ ΝΟΤΊΟΥ ΑΙΓΑΊΟΥ;ΚΥΚΛΑΔΩΝ;ΣΥΡΟΥ;37.4017163;24.9379537;tinos
ΠΕΡΙΦΈΡΕΙΑ ΝΟΤΊΟΥ ΑΙΓΑΊΟΥ;ΚΥΚΛΑΔΩΝ;ΚΕΑΣ;37.604860349999996;24.327495802205405;kea
ΠΕΡΙΦΈΡΕΙΑ ΝΟΤΊΟΥ ΑΙΓΑΊΟΥ;ΚΥΚΛΑΔΩΝ;ΜΥΚΟΝΟΥ;37.451434500000005;25.392337493319413;tinos
ΠΕΡΙΦΈΡΕΙΑ ΝΟΤΊΟΥ ΑΙΓΑΊΟΥ;ΚΥΚΛΑΔΩΝ;ΙΗΤΩΝ;36.7173281;25.33311211846154;paros
ΠΕΡΙΦΈΡΕΙΑ ΝΟΤΊΟΥ ΑΙΓΑΊΟΥ;ΚΥΚΛΑΔΩΝ;ΜΗΛΟΥ;36.70934405;24.506833813253667;paros
ΠΕΡΙΦΈΡΕΙΑ ΝΟΤΊΟΥ ΑΙΓΑΊΟΥ;ΚΥΚΛΑΔΩΝ;ΚΥΘΝΟΥ;37.39122345;24.42602760815703;kea
ΠΕΡΙΦΈΡΕΙΑ ΝΟΤΊΟΥ ΑΙΓΑΊΟΥ;ΚΥΚΛΑΔΩΝ;ΑΜΟΡΓΟΥ;37.1021346;25.3754605;paros
ΠΕΡΙΦΈΡΕΙΑ ΝΟΤΊΟΥ ΑΙΓΑΊΟΥ;ΚΥΚΛΑΔΩΝ;ΑΝΔΡΟΥ;37.8408347;24.86238235981581;tinos
ΠΕΡΙΦΈΡΕΙΑ ΝΟΤΊΟΥ ΑΙΓΑΊΟΥ;ΚΥΚΛΑΔΩΝ;ΠΑΡΟΥ;37.0651048;25.1921674022054;paros
ΠΕΡΙΦΈΡΕΙΑ ΝΟΤΊΟΥ ΑΙΓΑΊΟΥ;ΚΥΚΛΑΔΩΝ;ΝΑΞΟΥ & ΜΙΚΡΩΝ ΚΥΚΛΑΔΩΝ;37.06001045;25.47075670857837;paros
ΠΕΡΙΦΈΡΕΙΑ ΝΟΤΊΟΥ ΑΙΓΑΊΟΥ;ΚΥΚΛΑΔΩΝ;ΘΗΡΑΣ;36.4071112;25.456663652707153;paros
ΠΕΡΙΦΈΡΕΙΑ ΝΟΤΊΟΥ ΑΙΓΑΊΟΥ;ΚΥΚΛΑΔΩΝ;ΑΝΑΦΗΣ;36.37344365;25.77730028296469;paros
ΠΕΡΙΦΈΡΕΙΑ ΝΟΤΊΟΥ ΑΙΓΑΊΟΥ;ΚΥΚΛΑΔΩΝ;ΤΗΝΟΥ;37.60140255;25.154143660887822;tinos
ΠΕΡΙΦΈΡΕΙΑ ΝΟΤΊΟΥ ΑΙΓΑΊΟΥ;ΔΩΔΕΚΑΝΗΣΩΝ;ΡΟΔΟΥ;36.17262995;27.919418145633188;lindos
ΠΕΡΙΦΈΡΕΙΑ ΝΟΤΊΟΥ ΑΙΓΑΊΟΥ;ΔΩΔΕΚΑΝΗΣΩΝ;ΚΑΡΠΑΘΟΥ;35.6136611;27.11925668821135;lindos
ΠΕΡΙΦΈΡΕΙΑ ΝΟΤΊΟΥ ΑΙΓΑΊΟΥ;ΔΩΔΕΚΑΝΗΣΩΝ;ΚΩ;36.793693250000004;27.084826562878217;samos
ΠΕΡΙΦΈΡΕΙΑ ΝΟΤΊΟΥ ΑΙΓΑΊΟΥ;ΔΩΔΕΚΑΝΗΣΩΝ;ΛΕΡΟΥ;37.00792885;26.467591113464323;samos
ΠΕΡΙΦΈΡΕΙΑ ΒΌΡΕΙΟΥ ΑΙΓΑΊΟΥ;ΛΕΣΒΟΥ;ΛΕΣΒΟΥ;39.1124172;26.5586608;lemnos
ΠΕΡΙΦΈΡΕΙΑ ΒΌΡΕΙΟΥ ΑΙΓΑΊΟΥ;ΛΕΣΒΟΥ;ΛΗΜΝΟΥ;39.899995683111335;25.08380861331747;lemnos
ΠΕΡΙΦΈΡΕΙΑ ΒΌΡΕΙΟΥ ΑΙΓΑΊΟΥ;ΧΙΟΥ;ΧΙΟΥ;38.37581315;26.064655246170453;samos
ΠΕΡΙΦΈΡΕΙΑ ΒΌΡΕΙΟΥ ΑΙΓΑΊΟΥ;ΣΑΜΟΥ;ΣΑΜΟΥ;37.75494562599097;26.977721659495906;samos
ΠΕΡΙΦΈΡΕΙΑ ΒΌΡΕΙΟΥ ΑΙΓΑΊΟΥ;ΣΑΜΟΥ;ΙΚΑΡΙΑΣ;37.599929450000005;26.151689404867284;samos
ΠΕΡΙΦΈΡΕΙΑ ΒΌΡΕΙΟΥ ΑΙΓΑΊΟΥ;ΣΑΜΟΥ;ΦΟΥΡΝΩΝ ΚΟΡΣΕΩΝ;37.58295895;26.429410592571926;samos
ΠΕΡΙΦΈΡΕΙΑ ΚΡΉΤΗΣ;ΗΡΑΚΛΕΙΟΥ;ΦΑΙΣΤΟΥ;35.07222715;24.83574059765102;moires
ΠΕΡΙΦΈΡΕΙΑ ΚΡΉΤΗΣ;ΗΡΑΚΛΕΙΟΥ;ΒΙΑΝΝΟΥ;35.0561376;25.421478163546034;aghiosnikolaos
ΠΕΡΙΦΈΡΕΙΑ ΚΡΉΤΗΣ;ΗΡΑΚΛΕΙΟΥ;ΓΟΡΤΥΝΑΣ;35.06649885;25.036547440843652;moires
ΠΕΡΙΦΈΡΕΙΑ ΚΡΉΤΗΣ;ΗΡΑΚΛΕΙΟΥ;ΑΡΧΑΝΩΝ-ΑΣΤΕΡΟΥΣΙΩΝ;35.108815;25.139577043453734;heraclion
ΠΕΡΙΦΈΡΕΙΑ ΚΡΉΤΗΣ;ΗΡΑΚΛΕΙΟΥ;ΗΡΑΚΛΕΙΟΥ;35.2507456;25.0782870923221;heraclion
ΠΕΡΙΦΈΡΕΙΑ ΚΡΉΤΗΣ;ΗΡΑΚΛΕΙΟΥ;ΧΕΡΣΟΝΗΣΟΥ;35.27035455;25.351085980594963;heraclion
ΠΕΡΙΦΈΡΕΙΑ ΚΡΉΤΗΣ;ΗΡΑΚΛΕΙΟΥ;ΜΑΛΕΒΙΖΙΟΥ;35.30968015;24.982200001160656;heraclion
ΠΕΡΙΦΈΡΕΙΑ ΚΡΉΤΗΣ;ΧΑΝΙΩΝ;ΑΠΟΚΟΡΩΝΟΥ;35.36249705;24.159479932880544;chania
ΠΕΡΙΦΈΡΕΙΑ ΚΡΉΤΗΣ;ΧΑΝΙΩΝ;ΣΦΑΚΙΩΝ;35.265490400000004;24.067084380886687;chania
ΠΕΡΙΦΈΡΕΙΑ ΚΡΉΤΗΣ;ΧΑΝΙΩΝ;ΚΑΝΤΑΝΟΥ-ΣΕΛΙΝΟΥ;35.3116188;23.723097295683843;chania
ΠΕΡΙΦΈΡΕΙΑ ΚΡΉΤΗΣ;ΧΑΝΙΩΝ;ΠΛΑΤΑΝΙΑ;35.4949278;23.82756796196614;chania
ΠΕΡΙΦΈΡΕΙΑ ΚΡΉΤΗΣ;ΧΑΝΙΩΝ;ΧΑΝΙΩΝ;35.46586525;24.036449472430096;chania
ΠΕΡΙΦΈΡΕΙΑ ΚΡΉΤΗΣ;ΧΑΝΙΩΝ;ΚΙΣΣΑΜΟΥ;35.449593300000004;23.64061740882818;chania
ΠΕΡΙΦΈΡΕΙΑ ΚΡΉΤΗΣ;ΡΕΘΥΜΝΟΥ;ΡΕΘΥΜΝΗΣ;35.3736496;24.550591;rethymno
ΠΕΡΙΦΈΡΕΙΑ ΚΡΉΤΗΣ;ΡΕΘΥΜΝΟΥ;ΑΓΙΟΥ ΒΑΣΙΛΕΙΟΥ;35.1012045;24.6914734;moires
ΠΕΡΙΦΈΡΕΙΑ ΚΡΉΤΗΣ;ΡΕΘΥΜΝΟΥ;ΜΥΛΟΠΟΤΑΜΟΥ;35.3554343;24.8880646;heraclion
ΠΕΡΙΦΈΡΕΙΑ ΚΡΉΤΗΣ;ΡΕΘΥΜΝΟΥ;ΑΝΩΓΕΙΩΝ;35.245685800000004;24.875032564325508;moires
ΠΕΡΙΦΈΡΕΙΑ ΚΡΉΤΗΣ;ΡΕΘΥΜΝΟΥ;ΑΜΑΡΙΟΥ;35.2890792;24.5618205;rethymno
ΠΕΡΙΦΈΡΕΙΑ ΚΡΉΤΗΣ;ΛΑΣΙΘΙΟΥ;ΑΓΙΟΥ ΝΙΚΟΛΑΟΥ;35.20851725;25.61273737984198;aghiosnikolaos
ΠΕΡΙΦΈΡΕΙΑ ΚΡΉΤΗΣ;ΛΑΣΙΘΙΟΥ;ΟΡΟΠΕΔΙΟΥ ΛΑΣΙΘΙΟΥ;35.15852005;25.467038597723842;aghiosnikolaos
ΠΕΡΙΦΈΡΕΙΑ ΚΡΉΤΗΣ;ΛΑΣΙΘΙΟΥ;ΙΕΡΑΠΕΤΡΑΣ;35.075678800000006;25.83882980527476;aghiosnikolaos
ΠΕΡΙΦΈΡΕΙΑ ΚΡΉΤΗΣ;ΛΑΣΙΘΙΟΥ;ΣΗΤΕΙΑΣ;35.156218100000004;26.081481599770715;aghiosnikolaos
ΠΕΡΙΦΈΡΕΙΑ ΙΟΝΊΩΝ ΝΉΣΩΝ;ΚΕΡΚΥΡΑΣ;ΚΕΡΚΥΡΑΣ;39.648356199999995;19.851130577653635;kerkyra
ΠΕΡΙΦΈΡΕΙΑ ΙΟΝΊΩΝ ΝΉΣΩΝ;ΛΕΥΚΑΔΟΣ;ΛΕΥΚΑΔΟΣ;38.72041277275503;20.642527164290424;lefkada
ΠΕΡΙΦΈΡΕΙΑ ΙΟΝΊΩΝ ΝΉΣΩΝ;ΚΕΦΑΛΛΟΝΙΑΣ;ΚΕΦΑΛΛΟΝΙΑΣ;38.166680994863356;20.599922975900284;ithaki
ΠΕΡΙΦΈΡΕΙΑ ΙΟΝΊΩΝ ΝΉΣΩΝ;ΚΕΦΑΛΛΟΝΙΑΣ;ΙΘΑΚΗΣ;38.401896050000005;20.670092887359495;ithaki
ΠΕΡΙΦΈΡΕΙΑ ΙΟΝΊΩΝ ΝΉΣΩΝ;ΖΑΚΥΝΘΟΥ;ΖΑΚΥΝΘΟΥ;37.789138449999996;20.790089567090195;pirgos
ΠΕΡΙΦΈΡΕΙΑ ΑΤΤΙΚΉΣ;ΑΤΤΙΚΗΣ;ΚΑΙΣΑΡΙΑΝΗΣ;37.95982085;23.797620339808432;athens
ΠΕΡΙΦΈΡΕΙΑ ΑΤΤΙΚΉΣ;ΑΤΤΙΚΗΣ;ΒΥΡΩΝΟΣ;37.9367664;23.6355619;athens
ΠΕΡΙΦΈΡΕΙΑ ΑΤΤΙΚΉΣ;ΑΤΤΙΚΗΣ;ΠΑΠΑΓΟΥ - ΧΟΛΑΡΓΟΥ;37.99119735;23.805235200637995;athens
ΠΕΡΙΦΈΡΕΙΑ ΑΤΤΙΚΉΣ;ΑΤΤΙΚΗΣ;ΓΛΥΦΑΔΑΣ;37.8838635;23.769113975990614;athens
ΠΕΡΙΦΈΡΕΙΑ ΑΤΤΙΚΉΣ;ΑΤΤΙΚΗΣ;ΑΓΙΩΝ ΑΝΑΡΓΥΡΩΝ - ΚΑΜΑΤΕΡΟΥ;38.04002425;23.72967475886549;athens
ΠΕΡΙΦΈΡΕΙΑ ΑΤΤΙΚΉΣ;ΑΤΤΙΚΗΣ;ΦΥΛΗΣ;38.1274839;23.673354144760843;athens
ΠΕΡΙΦΈΡΕΙΑ ΑΤΤΙΚΉΣ;ΑΤΤΙΚΗΣ;ΕΛΕΥΣΙΝΑΣ;38.0801043;23.53615597455889;athens
ΠΕΡΙΦΈΡΕΙΑ ΑΤΤΙΚΉΣ;ΑΤΤΙΚΗΣ;ΣΠΑΤΩΝ - ΑΡΤΕΜΙΔΟΣ;37.96846455;23.945276723591576;athens
ΠΕΡΙΦΈΡΕΙΑ ΚΕΝΤΡΙΚΉΣ ΜΑΚΕΔΟΝΊΑΣ;ΘΕΣΣΑΛΟΝΙΚΗΣ;ΑΜΠΕΛΟΚΗΠΩΝ-ΜΕΝΕΜΕΝΗΣ;40.6561464;22.905154080539447;thessaloniki
ΠΕΡΙΦΈΡΕΙΑ ΚΕΝΤΡΙΚΉΣ ΜΑΚΕΔΟΝΊΑΣ;ΘΕΣΣΑΛΟΝΙΚΗΣ;ΚΑΛΑΜΑΡΙΑΣ;40.579875;22.9528551;thessaloniki
ΠΕΡΙΦΈΡΕΙΑ ΑΤΤΙΚΉΣ;ΑΤΤΙΚΗΣ;ΣΠΕΤΣΩΝ;37.25869575;23.139719118006756;argos
ΠΕΡΙΦΈΡΕΙΑ ΝΟΤΊΟΥ ΑΙΓΑΊΟΥ;ΚΥΚΛΑΔΩΝ;ΣΙΚΙΝΟΥ;36.6755874;25.116311058395272;paros
ΠΕΡΙΦΈΡΕΙΑ ΝΟΤΊΟΥ ΑΙΓΑΊΟΥ;ΔΩΔΕΚΑΝΗΣΩΝ;ΤΗΛΟΥ;36.42930045;27.316339433417117;lindos
ΠΕΡΙΦΈΡΕΙΑ ΝΟΤΊΟΥ ΑΙΓΑΊΟΥ;ΔΩΔΕΚΑΝΗΣΩΝ;ΚΑΛΥΜΝΙΩΝ;37.00262545;26.992424179156217;samos
ΠΕΡΙΦΈΡΕΙΑ ΙΟΝΊΩΝ ΝΉΣΩΝ;ΚΕΡΚΥΡΑΣ;ΠΑΞΩΝ;39.2092883;20.16167755355726;igoumenitsa
ΠΕΡΙΦΈΡΕΙΑ ΑΤΤΙΚΉΣ;ΑΤΤΙΚΗΣ;ΕΛΛΗΝΙΚΟΥ - ΑΡΓΥΡΟΥΠΟΛΗΣ;37.89799565;23.740731051162953;athens
ΠΕΡΙΦΈΡΕΙΑ ΑΤΤΙΚΉΣ;ΑΤΤΙΚΗΣ;ΓΑΛΑΤΣΙΟΥ;38.01943985;23.755538673479386;athens
ΠΕΡΙΦΈΡΕΙΑ ΑΤΤΙΚΉΣ;ΑΤΤΙΚΗΣ;ΠΕΡΙΣΤΕΡΙΟΥ;38.0156425;23.691249305584268;athens
ΠΕΡΙΦΈΡΕΙΑ ΑΤΤΙΚΉΣ;ΑΤΤΙΚΗΣ;ΠΕΤΡΟΥΠΟΛΕΩΣ;38.0295167;23.6981469;athens
ΠΕΡΙΦΈΡΕΙΑ ΑΤΤΙΚΉΣ;ΑΤΤΙΚΗΣ;ΧΑΪΔΑΡΙΟΥ;38.01308005;23.633849755033694;athens
ΠΕΡΙΦΈΡΕΙΑ ΑΤΤΙΚΉΣ;ΑΤΤΙΚΗΣ;ΚΟΡΥΔΑΛΛΟΥ;37.9871437;23.645137563443267;athens
ΠΕΡΙΦΈΡΕΙΑ ΑΤΤΙΚΉΣ;ΑΤΤΙΚΗΣ;ΠΕΡΑΜΑΤΟΣ;37.973373699999996;23.5770856829482;athens
ΠΕΡΙΦΈΡΕΙΑ ΗΠΕΊΡΟΥ;ΙΩΑΝΝΙΝΩΝ;ΒΟΡΕΙΩΝ ΤΖΟΥΜΕΡΚΩΝ;39.538995650000004;21.037014439264055;ioannina
ΠΕΡΙΦΈΡΕΙΑ ΝΟΤΊΟΥ ΑΙΓΑΊΟΥ;ΚΥΚΛΑΔΩΝ;ΣΙΦΝΟΥ;36.9714014;24.708110417765855;paros
ΠΕΡΙΦΈΡΕΙΑ ΝΟΤΊΟΥ ΑΙΓΑΊΟΥ;ΚΥΚΛΑΔΩΝ;ΚΙΜΩΛΟΥ;36.80925795;24.556067684605413;paros
ΠΕΡΙΦΈΡΕΙΑ ΝΟΤΊΟΥ ΑΙΓΑΊΟΥ;ΔΩΔΕΚΑΝΗΣΩΝ;ΝΙΣΥΡΟΥ;36.58904575;27.169184022557516;lindos
ΠΕΡΙΦΈΡΕΙΑ ΝΟΤΊΟΥ ΑΙΓΑΊΟΥ;ΔΩΔΕΚΑΝΗΣΩΝ;ΑΓΑΘΟΝΗΣΙΟΥ;37.460456199999996;26.967667535828976;samos
ΠΕΡΙΦΈΡΕΙΑ ΒΌΡΕΙΟΥ ΑΙΓΑΊΟΥ;ΧΙΟΥ;ΟΙΝΟΥΣΣΩΝ;38.523570649999996;26.22740723319727;samos
ΠΕΡΙΦΈΡΕΙΑ ΚΡΉΤΗΣ;ΧΑΝΙΩΝ;ΓΑΥΔΟΥ;34.836659499999996;24.083214861544448;rethymno
ΠΕΡΙΦΈΡΕΙΑ ΒΌΡΕΙΟΥ ΑΙΓΑΊΟΥ;ΧΙΟΥ;ΨΑΡΩΝ;38.57073855;25.585502338710924;tinos
ΠΕΡΙΦΈΡΕΙΑ ΝΟΤΊΟΥ ΑΙΓΑΊΟΥ;ΚΥΚΛΑΔΩΝ;ΦΟΛΕΓΑΝΔΡΟΥ;36.62980355;24.914387929675;paros
ΠΕΡΙΦΈΡΕΙΑ ΑΤΤΙΚΉΣ;ΑΤΤΙΚΗΣ;ΚΗΦΙΣΙΑΣ;38.0915732;23.821732323430016;athens
ΠΕΡΙΦΈΡΕΙΑ ΑΤΤΙΚΉΣ;ΑΤΤΙΚΗΣ;ΦΙΛΟΘΕΗΣ - ΨΥΧΙΚΟΥ;38.0158557;23.77376263836058;athens
ΠΕΡΙΦΈΡΕΙΑ ΑΤΤΙΚΉΣ;ΑΤΤΙΚΗΣ;ΙΛΙΟΥ;38.03790645;23.70999210578826;athens
ΠΕΡΙΦΈΡΕΙΑ ΝΟΤΊΟΥ ΑΙΓΑΊΟΥ;ΔΩΔΕΚΑΝΗΣΩΝ;ΜΕΓΙΣΤΗΣ;36.1485617;29.5897107;lindos
ΠΕΡΙΦΈΡΕΙΑ ΑΤΤΙΚΉΣ;ΑΤΤΙΚΗΣ;ΑΜΑΡΟΥΣΙΟΥ;38.04558780000001;23.80525965580539;athens
ΠΕΡΙΦΈΡΕΙΑ ΑΤΤΙΚΉΣ;ΑΤΤΙΚΗΣ;ΑΙΓΑΛΕΩ;37.9915665;23.6818754;athens
ΠΕΡΙΦΈΡΕΙΑ ΘΕΣΣΑΛΊΑΣ;ΤΡΙΚΑΛΩΝ;ΜΕΤΕΩΡΩΝ;39.7225469;21.473930485508955;trikala
ΠΕΡΙΦΈΡΕΙΑ ΝΟΤΊΟΥ ΑΙΓΑΊΟΥ;ΚΥΚΛΑΔΩΝ;ΑΝΤΙΠΑΡΟΥ;36.963183799999996;25.002849842974925;paros
ΠΕΡΙΦΈΡΕΙΑ ΣΤΕΡΕΆΣ ΕΛΛΆΔΟΣ;ΦΘΙΩΤΙΔΑΣ;ΚΑΜΕΝΩΝ ΒΟΥΡΛΩΝ;38.76620105;22.70981170657717;amfiklia
ΠΕΡΙΦΈΡΕΙΑ ΝΟΤΊΟΥ ΑΙΓΑΊΟΥ;ΔΩΔΕΚΑΝΗΣΩΝ;ΠΑΤΜΟΥ;37.386772500000006;26.73410616959459;samos
ΠΕΡΙΦΈΡΕΙΑ ΒΌΡΕΙΟΥ ΑΙΓΑΊΟΥ;ΛΕΣΒΟΥ;ΜΥΤΙΛΗΝΗΣ;39.1126302;26.37627960781561;lemnos
ΠΕΡΙΦΈΡΕΙΑ ΒΌΡΕΙΟΥ ΑΙΓΑΊΟΥ;ΛΕΣΒΟΥ;ΔΥΤΙΚΗΣ ΛΕΣΒΟΥ;39.1974817;26.01361508624088;lemnos
ΠΕΡΙΦΈΡΕΙΑ ΒΌΡΕΙΟΥ ΑΙΓΑΊΟΥ;ΣΑΜΟΥ;ΑΝΑΤΟΛΙΚΗΣ ΣΑΜΟΥ;37.723311100000004;26.921856315752006;samos
ΠΕΡΙΦΈΡΕΙΑ ΙΟΝΊΩΝ ΝΉΣΩΝ;ΚΕΡΚΥΡΑΣ;ΒΟΡΕΙΑΣ ΚΕΡΚΥΡΑΣ;39.757901000000004;19.795605255877323;kerkyra
ΠΕΡΙΦΈΡΕΙΑ ΙΟΝΊΩΝ ΝΉΣΩΝ;ΚΕΡΚΥΡΑΣ;ΚΕΝΤΡΙΚΗΣ ΚΕΡΚΥΡΑΣ & ΔΙΑΠΟΝΤΙΩΝ ΝΗΣΩΝ;39.648356199999995;19.851130577653635;kerkyra
ΠΕΡΙΦΈΡΕΙΑ ΙΟΝΊΩΝ ΝΉΣΩΝ;ΚΕΡΚΥΡΑΣ;ΝΟΤΙΑΣ ΚΕΡΚΥΡΑΣ;39.4507139;19.940101848592384;kerkyra
ΠΕΡΙΦΈΡΕΙΑ ΙΟΝΊΩΝ ΝΉΣΩΝ;ΚΕΦΑΛΛΟΝΙΑΣ;ΑΡΓΟΣΤΟΛΙΟΥ;38.19293195;20.568787406227568;ithaki
ΠΕΡΙΦΈΡΕΙΑ ΙΟΝΊΩΝ ΝΉΣΩΝ;ΚΕΦΑΛΛΟΝΙΑΣ;ΣΑΜΗΣ;38.30247545;20.55334777002602;ithaki
ΠΕΡΙΦΈΡΕΙΑ ΙΟΝΊΩΝ ΝΉΣΩΝ;ΚΕΦΑΛΛΟΝΙΑΣ;ΛΗΞΟΥΡΙΟΥ;38.25314245;20.39316400150559;ithaki
ΠΕΡΙΦΈΡΕΙΑ ΒΌΡΕΙΟΥ ΑΙΓΑΊΟΥ;ΣΑΜΟΥ;ΔΥΤΙΚΗΣ ΣΑΜΟΥ;37.744288;26.682509096860784;samos
ΠΕΡΙΦΈΡΕΙΑ ΝΟΤΊΟΥ ΑΙΓΑΊΟΥ;ΔΩΔΕΚΑΝΗΣΩΝ;ΚΑΣΟΥ;35.38722745;26.911798146897418;aghiosnikolaos
ΠΕΡΙΦΈΡΕΙΑ ΑΤΤΙΚΉΣ;ΑΤΤΙΚΗΣ;ΝΙΚΑΙΑΣ - ΑΓΙΟΥ ΙΩΑΝΝΗ ΡΕΝΤΗ;37.974701249999995;23.67090882622055;athens
